DIAGNOSES,TOTAL_PATIENTS,READMISSIONS,READMISSION_RATE
9,630,206,32.698413
8,670,212,31.641791
7,678,170,25.073746
6,620,184,29.677419
5,688,172,25.000000
4,704,186,26.420455
3,662,210,31.722054
2,654,178,27.217125
1,694,214,30.835735
